,Date,Video ID
0,2023-08-07,kHBzDvj3D2U
1,2023-08-05,iOnGnUYWNLo
2,2023-08-05,hH4EtOUXxOg
3,2023-08-04,-MfwsJmlcKU
4,2023-08-04,N8nnp2OBDTs
5,2023-08-03,ub3KzaT6w2Y
6,2023-08-01,2QDMIZGeIC4
7,2023-08-01,45qWz27YjNY
8,2023-07-31,GaP1x4ubzw8
9,2023-07-31,1ECMlxC6jbs
10,2023-07-31,FJd4BB6CLF0
11,2023-07-30,uJn5LLzoqPQ
12,2023-07-29,hP9ficE9NHU
13,2023-07-28,7JGSxDlxK08
14,2023-07-28,cWx5bmyXEDc
15,2023-07-27,vjWLZYeqiN8
16,2023-07-27,6e0v_NhsFMQ
17,2023-07-27,GtwUUME5AuE
18,2023-07-26,NamulVnhsNk
19,2023-07-26,-7Emxpn8DXc
20,2023-07-26,Nup3enNhVbU
21,2023-07-25,2bPiFkt3Nmg
22,2023-07-25,iXIpnq_dKWo
23,2023-07-24,iWMR619Vxsk
24,2023-07-24,Jt7PpK5w9QM
25,2023-07-23,YBPHbwwOD1g
26,2023-07-23,l336TXj7678
27,2023-07-21,kXfdw5pEkeM
28,2023-07-21,8gwwlpBwr_s
29,2023-07-21,iaw3vRUSwHY
30,2023-07-20,da24YT3-KQo
31,2023-07-20,chYg2EAKW2A
32,2023-07-20,9C2S9XIlahc
33,2023-07-20,jL8VS-za5hM
34,2023-07-19,7cTq-4HJPG0
35,2023-07-18,Dcba-9x5Wpc
36,2023-07-18,I2WPAXQYh5M
37,2023-07-17,W2N6xm_OZxM
38,2023-07-16,9jGgXZV6tLw
39,2023-07-16,RS6A-Xj63BM
40,2023-07-15,3Nyj4pgRJJM
41,2023-07-15,Bsj3Zt5yetc
42,2023-07-14,y-SA-uP6AUE
43,2023-07-14,ELSBed8U35I
44,2023-07-13,6rEw_Vz6Ekg
45,2023-07-13,CyOh-WDfUvs
46,2023-07-13,T6_CHzjhwEc
47,2023-07-12,YGvt29YX_MA
48,2023-07-12,lvVrQI6S3V8
49,2023-07-11,uQFtOv5vp1A
50,2023-07-11,IowSWLoGkec
51,2023-07-11,34Ady4FD79k
52,2023-07-10,cd0iFrCDm7M
53,2023-07-10,baNfsN0SWWk
54,2023-07-09,DW8r1fACCLY
55,2023-07-09,YPTkw7rr408
56,2023-07-08,392InfvpaiE
57,2023-07-07,GDeoPHRqb5w
58,2023-07-07,fkrBf5odxiw
59,2023-07-06,qRmd49K1nK4
60,2023-07-05,A1eiNCZTiPs
61,2023-07-05,ogDt5qNy0es
62,2023-07-04,4hIgVUwtbPs
63,2023-07-03,_rQfmKRTMa0
64,2023-07-03,RInN-rr1kt8
65,2023-07-01,LK2bvkUnkWs
66,2023-07-01,6GyV6KNYr0w
67,2023-06-30,hLqJiIu6LzY
68,2023-06-29,T9TeNzB2Z24
69,2023-06-28,kLZGFHK_bIc
70,2023-06-27,YMj4eEePFhY
71,2023-06-27,6tMHs6MFqOU
72,2023-06-26,S_0_KBouYrA
73,2023-06-26,zEPRJMk3p90
74,2023-06-26,08-vGxytNdM
75,2023-06-25,GSqepfZLKU0
76,2023-06-25,wx7Cb3rN7aY
77,2023-06-24,imnKxqlITf8
78,2023-06-22,hgkjJD5hb5g
79,2023-06-22,MK15a0ipg-E
80,2023-06-22,q4ZVVImMiJU
81,2023-06-21,cWPqVVobUuA
82,2023-06-20,U1UKjsA4jNg
83,2023-06-19,LfnOtw-og8Q
84,2023-06-19,phr8lXH2Ee0
85,2023-06-19,Br70MkraikE
86,2023-06-19,AbVHTqaFpBc
87,2023-06-18,92JFtTEc04E
88,2023-06-17,eaoMNmJH6no
89,2023-06-17,8ZUfxmpIjXg
90,2023-06-16,TLhiBPuKTOE
91,2023-06-16,nIBPrp3iOzE
92,2023-06-15,ypJwoz_SXTo
93,2023-06-15,QrMdQl8pP_A
94,2023-06-13,zHSfIM0Wf-Q
95,2023-06-13,u412j5nA3TQ
96,2023-06-12,KG4dbF5xRig
97,2023-06-11,OMHeYpQCCPE
98,2023-06-10,Zdp5vIHP9-c
99,2023-06-09,OOLXHwZzHfM
100,2023-06-09,GzQXpj8Hlk8
101,2023-06-09,St79oD9QxDU
102,2023-06-07,bhKvxIqxAmM
103,2023-06-06,TSxfYlduEdo
104,2023-06-05,ux9CXozxf8Q
105,2023-06-04,ukesNehO_NE
106,2023-06-02,Ynrt1kCzVMQ
107,2023-06-01,nDa75spDmeE
108,2023-05-31,SWa-tsbaIpg
109,2023-05-30,cBfC9HLR9Qk
110,2023-05-28,h-Z5lI8xze8
111,2023-05-26,G4G2ltjuNos
112,2023-05-25,uEhnTpHY26o
113,2023-05-23,3_x_Fb31NLE
114,2023-05-22,J7EhXvnixRM
115,2023-05-21,N-RlBo3pv-c
116,2023-05-19,24G2og7huNY
117,2023-05-18,G-3vZKPEtKw
118,2023-05-16,oURtQsbXKJg
119,2023-05-16,FCEj-mreXvI
120,2023-05-13,_HG3ScXAdf0
121,2023-05-12,NaqJ6iMohHY
122,2023-05-10,sA2vgFR-fZc
123,2023-05-08,16D2cuRy5JY
124,2023-05-06,AAJ0X2VxVWg
125,2023-05-05,eTDvnIsDobg
126,2023-05-04,-eqjV5dwb9Q
127,2023-05-02,uY05MFnSMwU
128,2023-05-02,1GEegOb3fHE
129,2023-04-30,FT_HqsKy3cQ
130,2023-04-29,0NoD0Y_mAy4
131,2023-04-28,0gnaXUiSELY
132,2023-04-27,NNbS2iPZVBw
133,2023-04-26,xifGlf39ahQ
134,2023-04-25,5jHvfzt8Ors
135,2023-04-24,q-qkQfAMHGw
136,2023-04-21,afyHTWJK0ec
137,2023-04-19,ISPOKldx90E
138,2023-04-18,kW9BohViP04
139,2023-04-17,LycNCWC3g18
140,2023-04-13,_asFvyNPNbg
141,2023-04-12,isPzwR7VVGk
142,2023-04-07,Z6uYHi6Rw6Y
143,2023-04-07,t8aN8nczZlA
144,2023-04-06,T8jLFGA3yC0
145,2023-04-05,ftDoBLp-OfU
146,2023-04-05,L7USgQl9w3Y
147,2023-04-05,iM-EpJHn59Q
148,2023-04-04,S_VJWRxwxDA
149,2023-04-04,zLj3Qb9T2Q4
150,2023-04-03,q9_Q7j6_-Vc
151,2023-04-03,uSx5XsCkX3c
152,2023-04-02,i_HlQl7Tg9Q
153,2023-04-01,k9IBnmK0ywA
154,2023-03-31,OAMRaoId5Mk
155,2023-03-30,-XxnZxNepgA
156,2023-03-29,pvgiOLlF7JE
157,2023-03-28,Pe-Ag_MdByQ
158,2023-03-28,fCtccSvOlnI
159,2023-03-27,_E6_jZJAT3k
160,2023-03-26,P2j7o-KvDsU
161,2023-03-24,x9Vv9kki1jE
162,2023-03-24,orTBgra3JeQ
163,2023-03-22,N5nUZl9Gv_U
164,2023-03-21,TASew4CmC9w
165,2023-03-20,Mnx3TAgbX7o
166,2023-03-20,YR00_yMMD2Q
167,2023-03-17,_K_rh7Yit9M
168,2023-03-16,zyKNMGOb6KY
169,2023-03-15,2N5IM30dSpE
170,2023-03-15,LrTeA6dXYzQ
171,2023-03-15,PsOXP5hg52w
172,2023-03-14,s4frRcj17AM
173,2023-03-14,9Wwt1xiyQAQ
174,2023-03-13,0oPyv39ynTo
175,2023-03-12,sXJ2uOC0ZJw
176,2023-03-11,P_C4isMvDoY
177,2023-03-09,5uAFQqdS9oA
178,2023-03-06,tn5BHjwAvTc
179,2023-03-06,ELZoGm7QWAs
180,2023-03-06,novPfJtoTsQ
181,2023-03-05,FGsB6rVxh5o
182,2023-03-04,nRbR9A_8nMQ
183,2023-03-04,OdZfOU8jWfY
184,2023-03-04,CS5nJyQAxTw
185,2023-03-02,wxXFN8F9ays
186,2023-02-27,RQuaGniMRUU
187,2023-02-25,CGZkoNtQl_U
188,2023-02-23,p0FQuaFLh0A
189,2023-02-22,xIC1IFPod9Y
190,2023-02-21,2RcaFQzCgys
191,2023-02-21,XQEZ07JhVuA
192,2023-02-20,RSVndjS2gMM
193,2023-02-19,D8aEoRbwC64
194,2023-02-17,d2zk6YEqGsM
195,2023-02-16,RbQt5dz8Dws
196,2023-02-16,dOoiIwmXo20
197,2023-02-15,kApRNheEJ8Q
198,2023-02-14,qIRBk1OkfoA
199,2023-02-13,51JvvwqQmlQ
200,2023-02-09,6a5CJuM3R_0
